{"model_dir": "laconeu_test_16_units\\dmcgo_dmcnogo", "trials": [0, 32000, 64000, 96000, 128000, 160000, 192000, 224000, 256000, 288000, 320000, 352000, 384000, 416000, 448000, 480000, 512000, 544000, 576000, 608000, 640000, 672000, 704000, 736000, 768000, 800000, 832000, 864000, 896000, 928000, 960000, 992000, 1024000, 1056000, 1088000, 1120000, 1152000, 1184000, 1216000, 1248000, 1280000, 1312000, 1344000, 1376000, 1408000, 1440000, 1472000, 1504000, 1536000, 1568000, 1600000, 1632000, 1664000, 1696000, 1728000, 1760000, 1792000, 1824000, 1856000, 1888000, 1920000, 1952000, 1984000, 2016000, 2048000, 2080000, 2112000, 2144000, 2176000, 2208000, 2240000, 2272000, 2304000, 2336000, 2368000, 2400000, 2432000, 2464000, 2496000, 2528000, 2560000, 2592000, 2624000, 2656000, 2688000, 2720000, 2752000, 2784000, 2816000, 2848000, 2880000, 2912000, 2944000, 2976000, 3008000, 3040000, 3072000, 3104000, 3136000, 3168000, 3200000, 3232000, 3264000, 3296000, 3328000, 3360000, 3392000, 3424000, 3456000, 3488000, 3520000, 3552000, 3584000, 3616000, 3648000, 3680000, 3712000, 3744000, 3776000, 3808000, 3840000, 3872000, 3904000, 3936000, 3968000, 4000000, 4032000], "times": [0.1578822135925293, 20.904651403427124, 41.986873149871826, 62.24531388282776, 82.4710750579834, 102.96559405326843, 123.3781406879425, 143.6344130039215, 164.4571816921234, 184.4047155380249, 204.5237593650818, 224.8349552154541, 245.3429057598114, 265.70738768577576, 285.8941216468811, 305.95969581604004, 326.3682789802551, 346.66536569595337, 367.4531090259552, 387.9546411037445, 408.2189702987671, 427.9703953266144, 447.7942726612091, 468.17716217041016, 488.6015181541443, 509.12943816185, 529.4526319503784, 549.4105191230774, 570.2098183631897, 590.7233045101166, 610.99347448349, 631.3070809841156, 651.7257430553436, 672.0295405387878, 691.7093663215637, 711.9023435115814, 732.1712260246277, 752.1923978328705, 772.1705527305603, 792.672881603241, 813.3413598537445, 833.9172539710999, 854.4981160163879, 875.0693914890289, 895.7553157806396, 915.8370630741119, 936.0959222316742, 956.7475509643555, 977.2893922328949, 998.3925652503967, 1018.344268321991, 1038.8516104221344, 1059.5820093154907, 1080.087862253189, 1100.0691137313843, 1120.2639517784119, 1140.5745875835419, 1160.897397518158, 1181.6405441761017, 1202.2875192165375, 1222.184496164322, 1242.2788865566254, 1262.228478193283, 1281.921234369278, 1301.9834778308868, 1322.1991510391235, 1342.349803686142, 1362.74289894104, 1383.1161170005798, 1403.2049233913422, 1423.5442161560059, 1443.9328627586365, 1464.1388673782349, 1484.2447526454926, 1504.8785696029663, 1525.5020461082458, 1545.9239864349365, 1565.577950000763, 1585.7691190242767, 1606.0088484287262, 1625.8644015789032, 1645.7955873012543, 1665.930755853653, 1686.48530960083, 1706.5982494354248, 1727.0768313407898, 1747.5925602912903, 1767.7611274719238, 1787.8701839447021, 1808.191887140274, 1828.538652420044, 1848.710070848465, 1869.1132607460022, 1889.3523094654083, 1909.5218846797943, 1929.4196412563324, 1949.687284231186, 1969.7458369731903, 1990.1705060005188, 2010.7799270153046, 2031.1577680110931, 2051.2399246692657, 2071.5168402194977, 2091.1343219280243, 2111.03476190567, 2131.377899169922, 2151.98872089386, 2171.9194519519806, 2192.3219447135925, 2212.9363129138947, 2233.6448266506195, 2253.6492309570312, 2273.5760481357574, 2293.7092537879944, 2313.908201932907, 2334.1442120075226, 2354.4809522628784, 2374.586933851242, 2395.2766766548157, 2414.824860572815, 2434.9214878082275, 2455.7136328220367, 2476.49799656868, 2496.658502101898, 2516.922071456909, 2537.3481364250183, 2557.716247320175], "cost_dmcgo": [0.8226791359484196, 0.20396206993609667, 0.1765494996216148, 0.17717710649594665, 0.16216652397997677, 0.13148006214760244, 0.14747818768955767, 0.1586707066744566, 0.1489535439759493, 0.14887994714081287, 0.1580095742829144, 0.13924238621257246, 0.12288714898750186, 0.154263561591506, 0.12220475706271827, 0.12204613396897912, 0.11683301674202085, 0.18535578716546297, 0.12787653016857803, 0.13462900114245713, 0.173371174139902, 0.11621336475946009, 0.13336423668079078, 0.14063976099714637, 0.131627825088799, 0.13581328885629773, 0.12843487900681794, 0.12391417636536062, 0.14397872844710946, 0.14258713484741747, 0.16267233504913747, 0.13902127905748785, 0.10559192509390414, 0.16645881906151772, 0.12018894916400313, 0.13618149445392191, 0.14082998083904386, 0.13503688294440508, 0.13453423487953842, 0.15682891244068742, 0.10875073308125138, 0.12596210418269038, 0.12763828528113663, 0.16874435357749462, 0.15401089005172253, 0.12933346442878246, 0.132655861787498, 0.1364813605323434, 0.14277519704774022, 0.10472186538390815, 0.15671053738333285, 0.16633438016287982, 0.12058988399803638, 0.12054099957458675, 0.12441033497452736, 0.1317188150715083, 0.15440757106989622, 0.1301542273722589, 0.12408116622827947, 0.10244604875333607, 0.12271617376245558, 0.11356203199829906, 0.13326723198406398, 0.1414841846562922, 0.18698147032409906, 0.12631822330877185, 0.09322708449326456, 0.13717905501835048, 0.15661215130239725, 0.1324057779274881, 0.1600409783422947, 0.13353617582470179, 0.14593932731077075, 0.14344024215824902, 0.1387130895163864, 0.14959232695400715, 0.12638883385807276, 0.15525541524402797, 0.17596787679940462, 0.1357696473132819, 0.10841086623258889, 0.12007774459198117, 0.11546425754204392, 0.1540786176919937, 0.17044980102218688, 0.15944425761699677, 0.12359262024983764, 0.15006099035963416, 0.14485751884058118, 0.10761167574673891, 0.14842379768379033, 0.11648672819137573, 0.12562129879370332, 0.10710137500427663, 0.15445141633972526, 0.13230888138059527, 0.1467299780342728, 0.13464195118285716, 0.16207943204790354, 0.13738428382202983, 0.13269160920754075, 0.15929434285499156, 0.1441127206198871, 0.15241925208829343, 0.14701346633955836, 0.15085144364275038, 0.18034359975717962, 0.1316273210104555, 0.1409421011339873, 0.14051164232660085, 0.10963244619779289, 0.12443739222362638, 0.1433829152956605, 0.11952556180767715, 0.12192984449211508, 0.1278287700843066, 0.1125162283424288, 0.13894371641799808, 0.14066895935684443, 0.12362751085311174, 0.1429772162809968, 0.14325590943917632, 0.1529352213256061, 0.13347723963670433, 0.12238109321333468, 0.13213672908023, 0.05091377440840006], "creg_dmcgo": [0.0, 0.0, 0.0, 0.0, 0.0, 0.0, 0.0, 0.0, 0.0, 0.0, 0.0, 0.0, 0.0, 0.0, 0.0, 0.0, 0.0, 0.0, 0.0, 0.0, 0.0, 0.0, 0.0, 0.0, 0.0, 0.0, 0.0, 0.0, 0.0, 0.0, 0.0, 0.0, 0.0, 0.0, 0.0, 0.0, 0.0, 0.0, 0.0, 0.0, 0.0, 0.0, 0.0, 0.0, 0.0, 0.0, 0.0, 0.0, 0.0, 0.0, 0.0, 0.0, 0.0, 0.0, 0.0, 0.0, 0.0, 0.0, 0.0, 0.0, 0.0, 0.0, 0.0, 0.0, 0.0, 0.0, 0.0, 0.0, 0.0, 0.0, 0.0, 0.0, 0.0, 0.0, 0.0, 0.0, 0.0, 0.0, 0.0, 0.0, 0.0, 0.0, 0.0, 0.0, 0.0, 0.0, 0.0, 0.0, 0.0, 0.0, 0.0, 0.0, 0.0, 0.0, 0.0, 0.0, 0.0, 0.0, 0.0, 0.0, 0.0, 0.0, 0.0, 0.0, 0.0, 0.0, 0.0, 0.0, 0.0, 0.0, 0.0, 0.0, 0.0, 0.0, 0.0, 0.0, 0.0, 0.0, 0.0, 0.0, 0.0, 0.0, 0.0, 0.0, 0.0, 0.0, 0.0],