{"model_dir": "laconeu_test", "trials": [0, 32000, 64000, 96000, 128000, 160000, 192000, 224000, 256000, 288000, 320000, 352000, 384000, 416000, 448000, 480000, 512000, 544000], "times": [1.8857488632202148, 36.503002643585205, 69.23324155807495, 107.72578239440918, 141.10533165931702, 175.02290534973145, 208.55992484092712, 242.05111455917358, 275.36098527908325, 308.58820390701294, 340.4157567024231, 373.6930956840515, 407.3335840702057, 441.4475202560425, 474.22494077682495, 506.4782609939575, 538.9794073104858, 571.250293970108], "cost_fdanti": [1.0810099206864834, 0.07248973147943616, 0.02177519048564136, 0.02372781152371317, 0.01679344807052985, 0.015688342042267323, 0.02233275887556374, 0.01827152748592198, 0.016650555422529578, 0.016690624819602817, 0.015790608653333038, 0.016500488796737045, 0.01583230256801471, 0.015234979975502938, 0.014248446765122935, 0.013177952030673623, 0.010970297589665279, 0.009977258450817317], "creg_fdanti": [0.0, 0.0, 0.0, 0.0, 0.0, 0.0, 0.0, 0.0, 0.0, 0.0, 0.0, 0.0, 0.0, 0.0, 0.0, 0.0, 0.0, 0.0], "perf_fdanti": [0.1796875, 1.0, 1.0, 1.0, 1.0, 1.0, 1.0, 1.0, 1.0, 1.0, 1.0, 1.0, 1.0, 1.0, 1.0, 1.0, 1.0, 1.0], "cost_dm1": [1.1609335578978062, 0.37032904103398323, 0.3148263329640031, 0.31093841046094894, 0.2632013848051429, 0.27162829134613276, 0.23687219060957432, 0.24010804388672113, 0.2109573818743229, 0.1750746052712202, 0.1708998940885067, 0.14119291538372636, 0.1638251873664558, 0.1317242863588035, 0.11886410810984671, 0.15683402051217854, 0.12812383472919464, 0.11888757324777544], "creg_dm1": [0.0, 0.0, 0.0, 0.0, 0.0, 0.0, 0.0, 0.0, 0.0, 0.0, 0.0, 0.0, 0.0, 0.0, 0.0, 0.0, 0.0, 0.0], "perf_dm1": [0.173828125, 0.1484375, 0.142578125, 0.2890625, 0.298828125, 0.369140625, 0.388671875, 0.365234375, 0.44140625, 0.634765625, 0.638671875, 0.697265625, 0.671875, 0.744140625, 0.79296875, 0.734375, 0.77734375, 0.80078125], "perf_avg": [0.1767578125, 0.57421875, 0.5712890625, 0.64453125, 0.6494140625, 0.6845703125, 0.6943359375, 0.6826171875, 0.720703125, 0.8173828125, 0.8193359375, 0.8486328125, 0.8359375, 0.8720703125, 0.896484375, 0.8671875, 0.888671875, 0.900390625], "perf_min": [0.173828125, 0.1484375, 0.142578125, 0.2890625, 0.298828125, 0.369140625, 0.388671875, 0.365234375, 0.44140625, 0.634765625, 0.638671875, 0.697265625, 0.671875, 0.744140625, 0.79296875, 0.734375, 0.77734375, 0.80078125]}