{"model_dir": "laconeu_test_16_units\\dm1_contextdm1", "trials": [0, 32000, 64000, 96000, 128000, 160000, 192000, 224000, 256000, 288000, 320000, 352000, 384000, 416000, 448000, 480000, 512000, 544000, 576000, 608000, 640000, 672000, 704000, 736000, 768000, 800000, 832000, 864000], "times": [0.15473318099975586, 18.899351119995117, 37.801305055618286, 56.880033016204834, 75.87901067733765, 94.68002343177795, 113.51056790351868, 131.93799901008606, 150.80437397956848, 169.35624837875366, 187.6107451915741, 205.85735702514648, 224.4099154472351, 242.65743017196655, 261.12076210975647, 279.99061584472656, 298.5816376209259, 317.4271020889282, 335.97692465782166, 354.8708939552307, 373.5267014503479, 392.0102484226227, 410.43768548965454, 428.60265040397644, 446.82363724708557, 465.14027667045593, 483.9144985675812, 502.69572281837463], "cost_dm1": [1.2677716240286827, 0.38456951081752777, 0.35293655190616846, 0.23573368228971958, 0.26916966401040554, 0.2473659599199891, 0.21768423821777105, 0.2073209723457694, 0.1886391919106245, 0.16152450162917376, 0.1862111776135862, 0.1696351203136146, 0.1366402660496533, 0.17693347251042724, 0.12749301828444004, 0.14755036309361458, 0.13597141858190298, 0.1590898772701621, 0.12069571623578668, 0.1138248152565211, 0.1312477772589773, 0.13490651943720877, 0.13191952090710402, 0.14043160807341337, 0.12674004305154085, 0.19261535722762346, 0.11282707052305341, 0.09918867447413504], "creg_dm1": [0.0, 0.0, 0.0, 0.0, 0.0, 0.0, 0.0, 0.0, 0.0, 0.0, 0.0, 0.0, 0.0, 0.0, 0.0, 0.0, 0.0, 0.0, 0.0, 0.0, 0.0, 0.0, 0.0, 0.0, 0.0, 0.0, 0.0, 0.0], "perf_dm1": [0.0, 0.23828125, 0.283203125, 0.3359375, 0.40625, 0.466796875, 0.517578125, 0.578125, 0.595703125, 0.673828125, 0.623046875, 0.62890625, 0.69921875, 0.671875, 0.71875, 0.6796875, 0.708984375, 0.671875, 0.7421875, 0.78125, 0.751953125, 0.759765625, 0.73828125, 0.755859375, 0.759765625, 0.6875, 0.80078125, 0.82421875], "cost_contextdm1": [1.1988052874803543, 0.36427947878837585, 0.3042805418372154, 0.2954455828294158, 0.23414715752005577, 0.22228123620152473, 0.20432468270882964, 0.16295554861426353, 0.19660190679132938, 0.17372794123366475, 0.13584477687254548, 0.14676589705049992, 0.15663860412314534, 0.15845512179657817, 0.12389376293867826, 0.1443994427099824, 0.11922811949625611, 0.13112638844177127, 0.14124276163056493, 0.12861090805381536, 0.10680177854374051, 0.13309029582887888, 0.11724663572385907, 0.11383691430091858, 0.11857141135260463, 0.1360710314475, 0.11706724902614951, 0.11336389556527138], "creg_contextdm1": [0.0, 0.0, 0.0, 0.0, 0.0, 0.0, 0.0, 0.0, 0.0, 0.0, 0.0, 0.0, 0.0, 0.0, 0.0, 0.0, 0.0, 0.0, 0.0, 0.0, 0.0, 0.0, 0.0, 0.0, 0.0, 0.0, 0.0, 0.0], "perf_contextdm1": [0.0, 0.181640625, 0.326171875, 0.326171875, 0.408203125, 0.509765625, 0.544921875, 0.640625, 0.595703125, 0.640625, 0.703125, 0.68359375, 0.677734375, 0.689453125, 0.76171875, 0.73828125, 0.748046875, 0.755859375, 0.724609375, 0.75, 0.802734375, 0.796875, 0.8125, 0.794921875, 0.78515625, 0.740234375, 0.796875, 0.82421875], "perf_avg": [0.0, 0.2099609375, 0.3046875, 0.3310546875, 0.4072265625, 0.48828125, 0.53125, 0.609375, 0.595703125, 0.6572265625, 0.6630859375, 0.65625, 0.6884765625, 0.6806640625, 0.740234375, 0.708984375, 0.728515625, 0.7138671875, 0.7333984375, 0.765625, 0.77734375, 0.7783203125, 0.775390625, 0.775390625, 0.7724609375, 0.7138671875, 0.798828125, 0.82421875], "perf_min": [0.0, 0.181640625, 0.283203125, 0.326171875, 0.40625, 0.466796875, 0.517578125, 0.578125, 0.595703125, 0.640625, 0.623046875, 0.62890625, 0.677734375, 0.671875, 0.71875, 0.6796875, 0.708984375, 0.671875, 0.724609375, 0.75, 0.751953125, 0.759765625, 0.73828125, 0.755859375, 0.759765625, 0.6875, 0.796875, 0.82421875]}