{"model_dir": "laconeu_['dm1', 'contextdm1']_32", "trials": [0, 32000, 64000, 96000, 128000, 160000, 192000, 224000, 256000, 288000, 320000, 352000, 384000, 416000, 448000, 480000, 512000, 544000, 576000, 608000], "times": [0.2001173496246338, 30.9873526096344, 62.715450286865234, 94.62138676643372, 126.80922794342041, 158.88751697540283, 191.0583107471466, 222.95966362953186, 254.89785194396973, 286.7538414001465, 318.62150502204895, 350.7287390232086, 382.00755429267883, 413.5672883987427, 444.5647830963135, 476.4275779724121, 507.943128824234, 541.7813692092896, 573.8467290401459, 606.3518505096436], "cost_dm1": [1.218559354543686, 0.3565290179103613, 0.288399251177907, 0.18068466195836663, 0.19743982329964638, 0.17804184090346098, 0.14234648947604, 0.16125599667429924, 0.1299106904771179, 0.10930502065457404, 0.13233046396635473, 0.12010365817695856, 0.12483739503659308, 0.11410881951451302, 0.09647419792599976, 0.09889582637697458, 0.09432418015785515, 0.11773016792722046, 0.10182127356529236, 0.05397288326639682], "creg_dm1": [0.0, 0.0, 0.0, 0.0, 0.0, 0.0, 0.0, 0.0, 0.0, 0.0, 0.0, 0.0, 0.0, 0.0, 0.0, 0.0, 0.0, 0.0, 0.0, 0.0], "perf_dm1": [0.1640625, 0.28515625, 0.369140625, 0.474609375, 0.5234375, 0.57421875, 0.712890625, 0.73046875, 0.744140625, 0.814453125, 0.763671875, 0.80859375, 0.8125, 0.830078125, 0.85546875, 0.84375, 0.873046875, 0.81640625, 0.8515625, 0.94140625], "cost_contextdm1": [1.202780857682228, 0.26870305743068457, 0.20082801580429077, 0.19032318657264113, 0.14158714236691594, 0.1332724632229656, 0.11022951221093535, 0.1224060645326972, 0.1213381621055305, 0.10750636039301753, 0.1012058281339705, 0.10869955271482468, 0.10274578561075032, 0.08718826551921666, 0.0965897785499692, 0.08380641089752316, 0.08033501892350614, 0.07591596734710038, 0.08495458238758147, 0.06580688012763858], "creg_contextdm1": [0.0, 0.0, 0.0, 0.0, 0.0, 0.0, 0.0, 0.0, 0.0, 0.0, 0.0, 0.0, 0.0, 0.0, 0.0, 0.0, 0.0, 0.0, 0.0, 0.0], "perf_contextdm1": [0.208984375, 0.255859375, 0.2109375, 0.453125, 0.6640625, 0.67578125, 0.791015625, 0.783203125, 0.7578125, 0.822265625, 0.818359375, 0.796875, 0.857421875, 0.875, 0.84765625, 0.888671875, 0.888671875, 0.8828125, 0.85546875, 0.908203125], "perf_avg": [0.1865234375, 0.2705078125, 0.2900390625, 0.4638671875, 0.59375, 0.625, 0.751953125, 0.7568359375, 0.7509765625, 0.818359375, 0.791015625, 0.802734375, 0.8349609375, 0.8525390625, 0.8515625, 0.8662109375, 0.880859375, 0.849609375, 0.853515625, 0.9248046875], "perf_min": [0.1640625, 0.255859375, 0.2109375, 0.453125, 0.5234375, 0.57421875, 0.712890625, 0.73046875, 0.744140625, 0.814453125, 0.763671875, 0.796875, 0.8125, 0.830078125, 0.84765625, 0.84375, 0.873046875, 0.81640625, 0.8515625, 0.908203125]}