{"model_dir": "laconeu_test_16_units\\fdanti_dm1", "trials": [0, 32000, 64000, 96000, 128000, 160000, 192000, 224000, 256000, 288000, 320000, 352000, 384000, 416000, 448000, 480000, 512000, 544000, 576000, 608000, 640000, 672000, 704000, 736000, 768000, 800000, 832000, 864000, 896000, 928000, 960000, 992000, 1024000, 1056000, 1088000, 1120000, 1152000, 1184000, 1216000, 1248000, 1280000, 1312000, 1344000, 1376000, 1408000, 1440000, 1472000, 1504000, 1536000, 1568000, 1600000, 1632000, 1664000, 1696000, 1728000, 1760000, 1792000, 1824000, 1856000, 1888000, 1920000, 1952000, 1984000, 2016000, 2048000, 2080000, 2112000, 2144000, 2176000, 2208000, 2240000, 2272000, 2304000, 2336000, 2368000, 2400000, 2432000, 2464000, 2496000, 2528000, 2560000, 2592000, 2624000, 2656000, 2688000, 2720000, 2752000], "times": [0.16092634201049805, 19.095386266708374, 37.7148711681366, 56.40472197532654, 75.11101722717285, 94.25569105148315, 112.99253463745117, 132.16268634796143, 151.0121386051178, 169.9887683391571, 188.44700622558594, 207.6123960018158, 226.5355339050293, 245.13585543632507, 264.01520109176636, 282.7166202068329, 301.520724773407, 320.17693758010864, 339.1134374141693, 357.8331723213196, 376.5256493091583, 395.4562110900879, 414.3337388038635, 433.0334346294403, 452.2050235271454, 471.19341135025024, 490.23767352104187, 508.97397470474243, 527.8772699832916, 546.5195198059082, 565.5085179805756, 584.2178337574005, 603.1108937263489, 622.0116305351257, 640.9448935985565, 659.4830660820007, 678.1395752429962, 697.1650042533875, 715.832202911377, 734.485515832901, 753.3547928333282, 772.1561007499695, 791.0463359355927, 809.7746407985687, 829.6991035938263, 848.8319046497345, 867.4370167255402, 886.8272321224213, 905.3384940624237, 924.3468363285065, 943.0671343803406, 961.7497982978821, 980.5036137104034, 999.7437717914581, 1018.9125623703003, 1037.841164112091, 1057.0535957813263, 1076.242996931076, 1095.3470666408539, 1114.29829788208, 1133.7136237621307, 1152.8712759017944, 1171.7120180130005, 1190.4727318286896, 1209.0256505012512, 1228.170036315918, 1247.0293114185333, 1266.1823136806488, 1284.5039041042328, 1303.4173374176025, 1322.5112941265106, 1342.1205258369446, 1361.2594845294952, 1380.149935722351, 1399.0931899547577, 1417.920287847519, 1436.6336605548859, 1455.5074763298035, 1474.0854992866516, 1493.1270740032196, 1512.2647242546082, 1531.475025177002, 1550.7258470058441, 1569.6259009838104, 1588.8747863769531, 1607.723658323288, 1626.7978706359863], "cost_fdanti": [1.1132249273359776, 0.24222614243626595, 0.04695284180343151, 0.027631910517811775, 0.0193108496023342, 0.01760746369836852, 0.022861895384266973, 0.01847873325459659, 0.016672905534505844, 0.01625343383057043, 0.017077357857488096, 0.019308450922835618, 0.01804509962676093, 0.018356173182837665, 0.01845133723691106, 0.015805437928065658, 0.015797433617990464, 0.016051932761911303, 0.01502838113810867, 0.014336024352815002, 0.017073413939215243, 0.01677126612048596, 0.017075793875847012, 0.01465073530562222, 0.019076622207649052, 0.01800535508664325, 0.013462029804941267, 0.01566001895116642, 0.014425223576836288, 0.012271800893358886, 0.01434899342712015, 0.013562024862039834, 0.014573560561984777, 0.012754591938573867, 0.014904957672115415, 0.012546701385872439, 0.011717153713107109, 0.011815625941380858, 0.01110842451453209, 0.012780772056430578, 0.012160869606304914, 0.010409345326479524, 0.011849361122585833, 0.011263046093517914, 0.012712892610579729, 0.011692445492371917, 0.011668533610645682, 0.011227606300963089, 0.011433948064222932, 0.011039064091164619, 0.013952903624158353, 0.012452058319468051, 0.010330047662137076, 0.012674639350734651, 0.010752894566394389, 0.010781684221001342, 0.009940454445313662, 0.011412732710596174, 0.009522139851469547, 0.010318576620193198, 0.008424406929407269, 0.009790205105673522, 0.008356668549822643, 0.011479125882033259, 0.009107262623729184, 0.01029094887780957, 0.013539613515604287, 0.008617269631940871, 0.009828730922890827, 0.010496373986825347, 0.010131182527402416, 0.012801082542864606, 0.008940880332374945, 0.010013748076744378, 0.009063427394721657, 0.009558499441482127, 0.009346792619908229, 0.00904970325063914, 0.009002993843751028, 0.009392037405632436, 0.010428827808937058, 0.00846010257373564, 0.009688018966699019, 0.009075162641238421, 0.01056193362455815, 0.01048551665735431, 0.008667913702083752], "creg_fdanti": [0.0, 0.0, 0.0, 0.0, 0.0, 0.0, 0.0, 0.0, 0.0, 0.0, 0.0, 0.0, 0.0, 0.0, 0.0, 0.0, 0.0, 0.0, 0.0, 0.0, 0.0, 0.0, 0.0, 0.0, 0.0, 0.0, 0.0, 0.0, 0.0, 0.0, 0.0, 0.0, 0.0, 0.0, 0.0, 0.0, 0.0, 0.0, 0.0, 0.0, 0.0, 0.0, 0.0, 0.0, 0.0, 0.0, 0.0, 0.0, 0.0, 0.0, 0.0, 0.0, 0.0, 0.0, 0.0, 0.0, 0.0, 0.0, 0.0, 0.0, 0.0, 0.0, 0.0, 0.0, 0.0, 0.0, 0.0, 0.0, 0.0, 0.0, 0.0, 0.0, 0.0, 0.0, 0.0, 0.0, 0.0, 0.0, 0.0, 0.0, 0.0, 0.0, 0.0, 0.0, 0.0, 0.0, 0.0], "perf_fdanti": [0.0, 1.0, 1.0, 1.0, 1.0, 1.0, 1.0, 1.0, 1.0, 1.0, 1.0, 1.0, 1.0, 1.0, 1.0, 1.0, 1.0, 1.0, 1.0, 1.0, 1.0, 1.0, 1.0, 1.0, 1.0, 1.0, 1.0, 1.0, 1.0, 1.0, 1.0, 1.0, 1.0, 1.0, 1.0, 1.0, 1.0, 1.0, 1.0, 1.0, 1.0, 1.0, 1.0, 1.0, 1.0, 1.0, 1.0, 1.0, 1.0, 1.0, 1.0, 1.0, 1.0, 1.0, 1.0, 1.0, 1.0, 1.0, 1.0, 1.0, 1.0, 1.0, 1.0, 1.0, 1.0, 1.0, 1.0, 1.0, 1.0, 1.0, 1.0, 1.0, 1.0, 1.0, 1.0, 1.0, 1.0, 1.0, 1.0, 1.0, 1.0, 1.0, 1.0, 1.0, 1.0, 1.0, 1.0], "cost_dm1": [1.204721361398697, 0.4034452587366104, 0.346259499900043, 0.326738023199141, 0.2880882387980819, 0.30496459640562534, 0.2725289948284626, 0.2833050861954689, 0.2667773710563779, 0.24657605029642582, 0.25391684379428625, 0.2358189383521676, 0.27530862111598253, 0.23169064428657293, 0.2319851266220212, 0.2597405444830656, 0.23111859988421202, 0.21318705659359694, 0.208236759994179, 0.1827520029619336, 0.20133393444120884, 0.21472940547391772, 0.1760874674655497, 0.16683975979685783, 0.19965202594175935, 0.19482796359807253, 0.19502629013732076, 0.1731909471563995, 0.15771290473639965, 0.1608665739186108, 0.15185015462338924, 0.17057465016841888, 0.14887401415035129, 0.20785653218626976, 0.15229565184563398, 0.15466243214905262, 0.13749338872730732, 0.1684837406501174, 0.15067234402522445, 0.16108848713338375, 0.16201523505151272, 0.15390191320329905, 0.16795079642906785, 0.14906257390975952, 0.1596860676072538, 0.14709295565262437, 0.12518407963216305, 0.1446056617423892, 0.20406248327344656, 0.1387644442729652, 0.18034139415249228, 0.12420960562303662, 0.15633485186845064, 0.15141564374789596, 0.14152713026851416, 0.12882684217765927, 0.1621858784928918, 0.12488619983196259, 0.10980081488378346, 0.11861712578684092, 0.13831202033907175, 0.1337921884842217, 0.13468598667532206, 0.13839484006166458, 0.11321570444852114, 0.12505973922088742, 0.15155510557815433, 0.1475187037140131, 0.12305774120613933, 0.12363659078255296, 0.13631680002436042, 0.13917895453050733, 0.12112067732959986, 0.1069028782658279, 0.13670568028464913, 0.1393190431408584, 0.12333376426249743, 0.13908107415772974, 0.12445195065811276, 0.11133125936612487, 0.12779156141914427, 0.10354129876941442, 0.11875511612743139, 0.11367662041448057, 0.11696187034249306, 0.11122925486415625, 0.09592161513864994], "creg_dm1": [0.0, 0.0, 0.0, 0.0, 0.0, 0.0, 0.0, 0.0, 0.0, 0.0, 0.0, 0.0, 0.0, 0.0, 0.0, 0.0, 0.0, 0.0, 0.0, 0.0, 0.0, 0.0, 0.0, 0.0, 0.0, 0.0, 0.0, 0.0, 0.0, 0.0, 0.0, 0.0, 0.0, 0.0, 0.0, 0.0, 0.0, 0.0, 0.0, 0.0, 0.0, 0.0, 0.0, 0.0, 0.0, 0.0, 0.0, 0.0, 0.0, 0.0, 0.0, 0.0, 0.0, 0.0, 0.0, 0.0, 0.0, 0.0, 0.0, 0.0, 0.0, 0.0, 0.0, 0.0, 0.0, 0.0, 0.0, 0.0, 0.0, 0.0, 0.0, 0.0, 0.0, 0.0, 0.0, 0.0, 0.0, 0.0, 0.0, 0.0, 0.0, 0.0, 0.0, 0.0, 0.0, 0.0, 0.0],