{"model_dir": "laconeu_['fdanti', 'dm1']_32", "trials": [0, 32000, 64000, 96000, 128000, 160000, 192000, 224000, 256000, 288000, 320000, 352000, 384000, 416000, 448000, 480000, 512000, 544000, 576000, 608000, 640000, 672000, 704000, 736000, 768000, 800000], "times": [0.8997817039489746, 38.11635112762451, 72.50401449203491, 105.60914158821106, 139.58042407035828, 174.36856269836426, 208.60001063346863, 242.92750430107117, 278.4966607093811, 315.865859746933, 351.676922082901, 389.74092197418213, 425.31221413612366, 459.718097448349, 496.2389175891876, 530.6094098091125, 566.3540816307068, 602.163672208786, 637.113774061203, 671.934002161026, 706.0598006248474, 740.1738271713257, 774.3971362113953, 810.5907137393951, 847.4815981388092, 883.1154012680054], "cost_fdanti": [1.0810098983347416, 0.0724897300824523, 0.02177519048564136, 0.023727809078991413, 0.016793445276562124, 0.01568834244972095, 0.022332759108394384, 0.01827153126941994, 0.016650559147819877, 0.01669062825385481, 0.01579060434596613, 0.016500489262398332, 0.015832306817173958, 0.015234982332913205, 0.014248451072489843, 0.013177946908399463, 0.01096648903330788, 0.00998134189285338, 0.009754882077686489, 0.010074034333229065, 0.009215348196448758, 0.008866837219102308, 0.010422659514006227, 0.00720766483573243, 0.010025703581050038, 0.008652971300762147], "creg_fdanti": [0.0, 0.0, 0.0, 0.0, 0.0, 0.0, 0.0, 0.0, 0.0, 0.0, 0.0, 0.0, 0.0, 0.0, 0.0, 0.0, 0.0, 0.0, 0.0, 0.0, 0.0, 0.0, 0.0, 0.0, 0.0, 0.0], "perf_fdanti": [0.1796875, 1.0, 1.0, 1.0, 1.0, 1.0, 1.0, 1.0, 1.0, 1.0, 1.0, 1.0, 1.0, 1.0, 1.0, 1.0, 1.0, 1.0, 1.0, 1.0, 1.0, 1.0, 1.0, 1.0, 1.0, 1.0], "cost_dm1": [1.160933542996645, 0.37032904010266066, 0.31482631992548704, 0.3109384197741747, 0.26320139691233635, 0.2716282904148102, 0.23687218129634857, 0.24010805785655975, 0.2109574032947421, 0.17507461365312338, 0.17089987080544233, 0.14119290793314576, 0.16382518084719777, 0.13172423420473933, 0.11886407784186304, 0.1568339702207595, 0.12811260600574315, 0.11889183125458658, 0.11394716100767255, 0.0881854051258415, 0.09181568794883788, 0.09622766706161201, 0.0945364854997024, 0.07154718542005867, 0.11685351387131959, 0.07464308035559952], "creg_dm1": [0.0, 0.0, 0.0, 0.0, 0.0, 0.0, 0.0, 0.0, 0.0, 0.0, 0.0, 0.0, 0.0, 0.0, 0.0, 0.0, 0.0, 0.0, 0.0, 0.0, 0.0, 0.0, 0.0, 0.0, 0.0, 0.0], "perf_dm1": [0.173828125, 0.1484375, 0.142578125, 0.2890625, 0.298828125, 0.369140625, 0.388671875, 0.365234375, 0.44140625, 0.634765625, 0.638671875, 0.697265625, 0.671875, 0.744140625, 0.79296875, 0.734375, 0.779296875, 0.80078125, 0.80859375, 0.86328125, 0.845703125, 0.841796875, 0.841796875, 0.87109375, 0.818359375, 0.90234375], "perf_avg": [0.1767578125, 0.57421875, 0.5712890625, 0.64453125, 0.6494140625, 0.6845703125, 0.6943359375, 0.6826171875, 0.720703125, 0.8173828125, 0.8193359375, 0.8486328125, 0.8359375, 0.8720703125, 0.896484375, 0.8671875, 0.8896484375, 0.900390625, 0.904296875, 0.931640625, 0.9228515625, 0.9208984375, 0.9208984375, 0.935546875, 0.9091796875, 0.951171875], "perf_min": [0.173828125, 0.1484375, 0.142578125, 0.2890625, 0.298828125, 0.369140625, 0.388671875, 0.365234375, 0.44140625, 0.634765625, 0.638671875, 0.697265625, 0.671875, 0.744140625, 0.79296875, 0.734375, 0.779296875, 0.80078125, 0.80859375, 0.86328125, 0.845703125, 0.841796875, 0.841796875, 0.87109375, 0.818359375, 0.90234375]}