{"model_dir": "laconeu_test_16_units", "trials": [0, 32000, 64000, 96000, 128000, 160000, 192000], "times": [0.17958378791809082, 22.19515109062195, 42.766329288482666, 63.762243032455444, 96.94810366630554, 133.1352903842926, 172.128671169281], "cost_fdanti": [1.1132249273359776, 0.24222614243626595, 0.04695284180343151, 0.027631910517811775, 0.0193108496023342, 0.01760746369836852, 0.022861895384266973], "creg_fdanti": [0.0, 0.0, 0.0, 0.0, 0.0, 0.0, 0.0], "perf_fdanti": [0.0, 1.0, 1.0, 1.0, 1.0, 1.0, 1.0], "cost_dm1": [1.204721361398697, 0.4034452587366104, 0.346259499900043, 0.326738023199141, 0.2880882387980819, 0.30496459640562534, 0.2725289948284626], "creg_dm1": [0.0, 0.0, 0.0, 0.0, 0.0, 0.0, 0.0], "perf_dm1": [0.0, 0.20703125, 0.169921875, 0.20703125, 0.228515625, 0.291015625, 0.31640625], "perf_avg": [0.0, 0.603515625, 0.5849609375, 0.603515625, 0.6142578125, 0.6455078125, 0.658203125], "perf_min": [0.0, 0.20703125, 0.169921875, 0.20703125, 0.228515625, 0.291015625, 0.31640625]}