{"model_dir": "laconeu_['delaydm1', 'dm1']_32", "trials": [0, 32000, 64000, 96000, 128000, 160000, 192000, 224000, 256000, 288000, 320000, 352000, 384000, 416000, 448000, 480000, 512000, 544000, 576000, 608000, 640000, 672000, 704000, 736000, 768000, 800000, 832000, 864000, 896000, 928000, 960000, 992000, 1024000, 1056000, 1088000, 1120000, 1152000, 1184000, 1216000, 1248000, 1280000, 1312000, 1344000, 1376000, 1408000, 1440000, 1472000, 1504000, 1536000, 1568000, 1600000, 1632000, 1664000, 1696000, 1728000, 1760000, 1792000, 1824000, 1856000, 1888000, 1920000, 1952000, 1984000, 2016000, 2048000, 2080000, 2112000, 2144000, 2176000, 2208000, 2240000], "times": [0.15497732162475586, 41.9225697517395, 81.9048900604248, 119.36488556861877, 156.8333158493042, 194.76061248779297, 235.5822331905365, 274.869357585907, 313.0242066383362, 354.10099506378174, 392.7805759906769, 432.356627702713, 468.54618763923645, 504.2252995967865, 540.198751449585, 576.209623336792, 611.2162082195282, 646.8895456790924, 682.0353531837463, 717.6236469745636, 754.1650109291077, 789.1540365219116, 823.3016543388367, 858.1315515041351, 893.6929388046265, 928.9531316757202, 964.403774023056, 999.7103321552277, 1035.6443338394165, 1071.6813509464264, 1106.3690104484558, 1141.5885412693024, 1177.2101650238037, 1212.1032574176788, 1250.8739142417908, 1288.5357189178467, 1327.6749186515808, 1365.775282382965, 1404.2302088737488, 1443.3861787319183, 1482.8929789066315, 1521.1227810382843, 1559.6960897445679, 1598.0201964378357, 1636.083396911621, 1674.8770880699158, 1713.5164728164673, 1750.3926615715027, 1789.4629836082458, 1827.3687682151794, 1865.8901615142822, 1903.6222970485687, 1941.9950377941132, 1981.4359385967255, 2019.9742336273193, 2058.396466732025, 2097.1177937984467, 2135.4121894836426, 2173.2579078674316, 2211.6096835136414, 2250.6559500694275, 2288.841952562332, 2327.163456916809, 2365.5916714668274, 2404.618817090988, 2443.049990415573, 2482.128302335739, 2520.7206087112427, 2559.136123418808, 2596.391581773758, 2634.306643009186], "cost_delaydm1": [0.8119644038379192, 0.1985086603090167, 0.20650130603462458, 0.17822247417643666, 0.16940913582220674, 0.14990077400580049, 0.13934545638039708, 0.12099009053781629, 0.14057543221861124, 0.12632379587739706, 0.13107767328619957, 0.13606086699292064, 0.13622624590061605, 0.12362407427281141, 0.12730719102546573, 0.1349776997230947, 0.12267587939277291, 0.12047810852527618, 0.11338694160804152, 0.13188749505206943, 0.10712485294789076, 0.1322793746367097, 0.1367992884479463, 0.13318169163540006, 0.11645252956077456, 0.13861439912579954, 0.1266192547045648, 0.12224534759297967, 0.11840734514407814, 0.11739973770454526, 0.14057688927277923, 0.12773508881218731, 0.11119208671152592, 0.13954358035698533, 0.10199128021486104, 0.11908477474935353, 0.09051380318123847, 0.13211512798443437, 0.11421776097267866, 0.09876342886127532, 0.10427642776630819, 0.13182928366586566, 0.11662756511941552, 0.12758098635822535, 0.10510118561796844, 0.0989724377868697, 0.10159277566708624, 0.10644515696913004, 0.11957333516329527, 0.08983758464455605, 0.08449032600037754, 0.07479684357531369, 0.08397730509750545, 0.07939582469407469, 0.08996815024875104, 0.062157923937775195, 0.09245758200995624, 0.059652764815837145, 0.0683031891239807, 0.0805444922298193, 0.05636701942421496, 0.07597373891621828, 0.07511078100651503, 0.05837216938380152, 0.08627345319837332, 0.07030606304761022, 0.06702951015904546, 0.05637017928529531, 0.05220696155447513, 0.05258093704469502, 0.05327513220254332], "creg_delaydm1": [0.0, 0.0, 0.0, 0.0, 0.0, 0.0, 0.0, 0.0, 0.0, 0.0, 0.0, 0.0, 0.0, 0.0, 0.0, 0.0, 0.0, 0.0, 0.0, 0.0, 0.0, 0.0, 0.0, 0.0, 0.0, 0.0, 0.0, 0.0, 0.0, 0.0, 0.0, 0.0, 0.0, 0.0, 0.0, 0.0, 0.0, 0.0, 0.0, 0.0, 0.0, 0.0, 0.0, 0.0, 0.0, 0.0, 0.0, 0.0, 0.0, 0.0, 0.0, 0.0, 0.0, 0.0, 0.0, 0.0, 0.0, 0.0, 0.0, 0.0, 0.0, 0.0, 0.0, 0.0, 0.0, 0.0, 0.0, 0.0, 0.0, 0.0, 0.0], "perf_delaydm1": [0.220703125, 0.1875, 0.244140625, 0.361328125, 0.44921875, 0.56640625, 0.662109375, 0.658203125, 0.609375, 0.642578125, 0.64453125, 0.65234375, 0.673828125, 0.64453125, 0.703125, 0.666015625, 0.669921875, 0.7578125, 0.75, 0.69921875, 0.783203125, 0.720703125, 0.697265625, 0.697265625, 0.7265625, 0.65234375, 0.71875, 0.734375, 0.73828125, 0.75390625, 0.697265625, 0.75390625, 0.736328125, 0.677734375, 0.77734375, 0.748046875, 0.818359375, 0.72265625, 0.74609375, 0.783203125, 0.775390625, 0.69140625, 0.7578125, 0.736328125, 0.779296875, 0.79296875, 0.771484375, 0.748046875, 0.734375, 0.8046875, 0.806640625, 0.84375, 0.802734375, 0.857421875, 0.798828125, 0.873046875, 0.76171875, 0.87890625, 0.853515625, 0.81640625, 0.880859375, 0.841796875, 0.873046875, 0.86328125, 0.814453125, 0.849609375, 0.86328125, 0.896484375, 0.923828125, 0.884765625, 0.908203125], "cost_dm1": [1.1655816659331322, 0.380170670337975, 0.30909508373588324, 0.2893490679562092, 0.25249991565942764, 0.23829488176852465, 0.18017982644960284, 0.19000009167939425, 0.15607616817578673, 0.18579183518886566, 0.1390429101884365, 0.14829471381381154, 0.1013067695312202, 0.11945023015141487, 0.11349972034804523, 0.11437247623689473, 0.08969717868603766, 0.10491243610158563, 0.11380806448869407, 0.11785036162473261, 0.1185413096100092, 0.11108024721033871, 0.09584984881803393, 0.07287253625690937, 0.09935812663752586, 0.10410785721614957, 0.10212600883096457, 0.10833381838165224, 0.11544101941399276, 0.08889046811964363, 0.07883209898136556, 0.07937876239884645, 0.149832981871441, 0.09023572690784931, 0.1290619233623147, 0.07606906129512936, 0.07591711811255664, 0.09472064208239317, 0.1375393292400986, 0.10159025387838483, 0.08671205083373934, 0.12365856696851552, 0.08739277196582407, 0.09847880783490837, 0.1778742759488523, 0.09494596486911178, 0.12507400126196444, 0.060693857609294355, 0.07876737951301038, 0.06033459160244092, 0.10504794807638973, 0.09604086983017623, 0.074157515889965, 0.07264216733165085, 0.05577268672641367, 0.04664099001092836, 0.046298332745209336, 0.047437739034648985, 0.10779603105038404, 0.09944783477112651, 0.05788151902379468, 0.08034450258128345, 0.06876012485008687, 0.05166186287533492, 0.06878090894315392, 0.0673060390399769, 0.06507850770140067, 0.04854100907687098, 0.08245982916560024, 0.05476899666246027, 0.053225002193357795], "creg_dm1": [0.0, 0.0, 0.0, 0.0, 0.0, 0.0, 0.0, 0.0, 0.0, 0.0, 0.0, 0.0, 0.0, 0.0, 0.0, 0.0, 0.0, 0.0, 0.0, 0.0, 0.0, 0.0, 0.0, 0.0, 0.0, 0.0, 0.0, 0.0, 0.0, 0.0, 0.0, 0.0, 0.0, 0.0, 0.0, 0.0, 0.0, 0.0, 0.0, 0.0, 0.0, 0.0, 0.0, 0.0, 0.0, 0.0, 0.0, 0.0, 0.0, 0.0, 0.0, 0.0, 0.0, 0.0, 0.0, 0.0, 0.0, 0.0, 0.0, 0.0, 0.0, 0.0, 0.0, 0.0, 0.0, 0.0, 0.0, 0.0, 0.0, 0.0, 0.0], "perf_dm1": [0.212890625, 0.224609375, 0.275390625, 0.263671875, 0.38671875, 0.4375, 0.583984375, 0.5703125, 0.638671875, 0.66015625, 0.736328125, 0.705078125, 0.84765625, 0.79296875, 0.810546875, 0.8203125, 0.869140625, 0.861328125, 0.841796875, 0.841796875, 0.798828125, 0.84765625, 0.85546875, 0.921875, 0.859375, 0.84765625, 0.87109375, 0.849609375, 0.85546875, 0.869140625, 0.904296875, 0.89453125, 0.771484375, 0.87890625, 0.798828125, 0.916015625, 0.90625, 0.87109375, 0.8203125, 0.900390625, 0.88671875, 0.822265625, 0.875, 0.8515625, 0.72265625, 0.87890625, 0.81640625, 0.9296875, 0.919921875, 0.93359375, 0.84375, 0.869140625, 0.916015625, 0.91796875, 0.9375, 0.953125, 0.95703125, 0.955078125, 0.837890625, 0.859375, 0.9375, 0.892578125, 0.9296875, 0.919921875, 0.919921875, 0.921875, 0.919921875, 0.939453125, 0.88671875, 0.951171875, 0.935546875],