{"model_dir": "laconeu_test_16_units\\delaydm1_dm1", "trials": [0, 32000, 64000, 96000, 128000, 160000, 192000, 224000, 256000, 288000, 320000, 352000, 384000, 416000, 448000, 480000, 512000, 544000, 576000, 608000, 640000, 672000, 704000, 736000, 768000, 800000, 832000, 864000, 896000, 928000, 960000, 992000, 1024000, 1056000, 1088000, 1120000, 1152000, 1184000, 1216000, 1248000, 1280000, 1312000, 1344000, 1376000, 1408000, 1440000, 1472000, 1504000, 1536000, 1568000, 1600000, 1632000, 1664000, 1696000, 1728000, 1760000, 1792000, 1824000, 1856000, 1888000, 1920000, 1952000, 1984000, 2016000, 2048000, 2080000, 2112000, 2144000, 2176000, 2208000, 2240000, 2272000, 2304000, 2336000, 2368000, 2400000, 2432000, 2464000, 2496000, 2528000, 2560000, 2592000, 2624000, 2656000, 2688000, 2720000, 2752000, 2784000, 2816000, 2848000, 2880000, 2912000, 2944000, 2976000, 3008000, 3040000, 3072000, 3104000, 3136000, 3168000, 3200000, 3232000, 3264000, 3296000, 3328000, 3360000, 3392000, 3424000, 3456000], "times": [0.1813814640045166, 26.27466058731079, 52.64417624473572, 78.14724135398865, 103.43470907211304, 127.97295379638672, 153.55250573158264, 179.53304386138916, 204.72239899635315, 227.8209524154663, 252.1873197555542, 276.8695878982544, 301.7699565887451, 325.79031014442444, 351.071670293808, 377.4434163570404, 403.1537790298462, 425.6991832256317, 447.9396457672119, 471.20591139793396, 494.0855116844177, 516.8311467170715, 539.8455505371094, 562.6882236003876, 585.7718222141266, 608.7962839603424, 631.5918333530426, 655.4560692310333, 678.515074968338, 701.2467803955078, 723.494190454483, 745.681271314621, 768.6748888492584, 791.5544822216034, 814.8139991760254, 836.7691538333893, 859.800320148468, 882.9564788341522, 905.9118523597717, 929.1857244968414, 952.2377648353577, 974.8444187641144, 997.2449078559875, 1019.8181893825531, 1042.2175052165985, 1064.9858286380768, 1087.7315440177917, 1109.950145483017, 1133.599318742752, 1156.346138715744, 1178.9842751026154, 1201.4771263599396, 1224.254982471466, 1247.2003219127655, 1269.673448562622, 1292.5891251564026, 1315.4757311344147, 1338.364073753357, 1360.898431777954, 1383.7265799045563, 1407.1236016750336, 1429.666833639145, 1452.0167346000671, 1474.321839094162, 1497.124997138977, 1519.1939380168915, 1541.8346228599548, 1564.238630771637, 1587.5586721897125, 1609.9134855270386, 1632.6592020988464, 1654.8900084495544, 1677.4895119667053, 1700.1829051971436, 1722.4135420322418, 1745.4930913448334, 1768.7327101230621, 1791.4405059814453, 1813.5939228534698, 1836.0144832134247, 1858.4761261940002, 1881.5094861984253, 1904.3305897712708, 1926.943000793457, 1950.072916507721, 1972.673431634903, 1995.1571564674377, 2017.7657618522644, 2040.7841103076935, 2063.271903991699, 2086.08424448967, 2109.0755982398987, 2131.99041891098, 2154.478051662445, 2176.615957260132, 2198.3645741939545, 2220.8861372470856, 2243.2883541584015, 2265.546085357666, 2287.973891735077, 2311.110513448715, 2333.432358980179, 2356.4440245628357, 2378.923755645752, 2401.889479637146, 2424.516229391098, 2446.6722226142883, 2469.2117297649384, 2491.8320920467377], "cost_delaydm1": [0.8406310454010963, 0.210327485576272, 0.23116571176797152, 0.2080668220296502, 0.18854326289147139, 0.18886403506621718, 0.18418149556964636, 0.14022801537066698, 0.16234195046126842, 0.16764651704579592, 0.15368734253570437, 0.1640942138619721, 0.15912317764014006, 0.14476619195193052, 0.15561939822509885, 0.15891993790864944, 0.14676736295223236, 0.14735956210643053, 0.13766668224707246, 0.1484094667248428, 0.1395398946478963, 0.15479629207402468, 0.1548137478530407, 0.14831032883375883, 0.13435561768710613, 0.14902791567146778, 0.14783821301534772, 0.1384724690578878, 0.1377283832989633, 0.13980159256607294, 0.15161295142024755, 0.1479308600537479, 0.14227165421471, 0.15273727476596832, 0.1274049892090261, 0.12527973810210824, 0.13478403678163886, 0.1598977642133832, 0.14477682579308748, 0.11332102562300861, 0.13158471486531198, 0.16026569763198495, 0.1548452847637236, 0.15459758741781116, 0.13408082304522395, 0.13269173563458025, 0.13342984579503536, 0.1431018786970526, 0.15070613054558635, 0.1224022381938994, 0.12327850074507296, 0.12053177924826741, 0.13353242445737123, 0.12539472826756537, 0.13793227495625615, 0.11578362691216171, 0.14262765692546964, 0.11775894975289702, 0.12558975536376238, 0.12297901394777, 0.11602802621200681, 0.15076112537644804, 0.15280969836749136, 0.1149790461640805, 0.17838041670620441, 0.1521643754094839, 0.13331072009168565, 0.1282479523215443, 0.13237317954190075, 0.1320538476575166, 0.1434326497837901, 0.16332834935747087, 0.15059584053233266, 0.11347518349066377, 0.146920345723629, 0.1440871802624315, 0.12238051882013679, 0.1269261734560132, 0.11800682567991316, 0.1633718446828425, 0.13032158836722374, 0.165467934217304, 0.10602140636183321, 0.10427711787633598, 0.13440771726891398, 0.12439609435386956, 0.12068671151064336, 0.15985542442649603, 0.14755599456839263, 0.12051405408419669, 0.14667058340273798, 0.11873116926290095, 0.14043655106797814, 0.11844582576304674, 0.13038949621841311, 0.14346844260580838, 0.12814987800084054, 0.14512108964845538, 0.1376184751279652, 0.11476562637835741, 0.16127156629227102, 0.14054840267635882, 0.11522059328854084, 0.11491169291548431, 0.12442715209908783, 0.14632060984149575, 0.1246445078868419, 0.1432721500750631, 0.08915570564568043], "creg_delaydm1": [0.0, 0.0, 0.0, 0.0, 0.0, 0.0, 0.0, 0.0, 0.0, 0.0, 0.0, 0.0, 0.0, 0.0, 0.0, 0.0, 0.0, 0.0, 0.0, 0.0, 0.0, 0.0, 0.0, 0.0, 0.0, 0.0, 0.0, 0.0, 0.0, 0.0, 0.0, 0.0, 0.0, 0.0, 0.0, 0.0, 0.0, 0.0, 0.0, 0.0, 0.0, 0.0, 0.0, 0.0, 0.0, 0.0, 0.0, 0.0, 0.0, 0.0, 0.0, 0.0, 0.0, 0.0, 0.0, 0.0, 0.0, 0.0, 0.0, 0.0, 0.0, 0.0, 0.0, 0.0, 0.0, 0.0, 0.0, 0.0, 0.0, 0.0, 0.0, 0.0, 0.0, 0.0, 0.0, 0.0, 0.0, 0.0, 0.0, 0.0, 0.0, 0.0, 0.0, 0.0, 0.0, 0.0, 0.0, 0.0, 0.0, 0.0, 0.0, 0.0, 0.0, 0.0, 0.0, 0.0, 0.0, 0.0, 0.0, 0.0, 0.0, 0.0, 0.0, 0.0, 0.0, 0.0, 0.0, 0.0, 0.0], "perf_delaydm1": [0.0, 0.1953125, 0.21875, 0.3125, 0.283203125, 0.365234375, 0.42578125, 0.498046875, 0.494140625, 0.42578125, 0.541015625, 0.552734375, 0.55078125, 0.552734375, 0.58984375, 0.5859375, 0.576171875, 0.65625, 0.609375, 0.63671875, 0.65625, 0.62890625, 0.640625, 0.6484375, 0.65234375, 0.62890625, 0.666015625, 0.69140625, 0.6640625, 0.662109375, 0.650390625, 0.681640625, 0.62109375, 0.6328125, 0.69140625, 0.673828125, 0.689453125, 0.654296875, 0.638671875, 0.7265625, 0.716796875, 0.591796875, 0.6484375, 0.64453125, 0.677734375, 0.703125, 0.693359375, 0.634765625, 0.646484375, 0.7265625, 0.7109375, 0.734375, 0.64453125, 0.744140625, 0.646484375, 0.712890625, 0.626953125, 0.708984375, 0.712890625, 0.71875, 0.71484375, 0.67578125, 0.69921875, 0.724609375, 0.572265625, 0.654296875, 0.685546875, 0.744140625, 0.689453125, 0.66796875, 0.681640625, 0.685546875, 0.6171875, 0.7265625, 0.666015625, 0.671875, 0.779296875, 0.720703125, 0.716796875, 0.62890625, 0.734375, 0.6015625, 0.779296875, 0.708984375, 0.71875, 0.68359375, 0.708984375, 0.662109375, 0.6875, 0.740234375, 0.677734375, 0.740234375, 0.6484375, 0.724609375, 0.69140625, 0.724609375, 0.716796875, 0.66015625, 0.708984375, 0.71484375, 0.638671875, 0.705078125, 0.724609375, 0.72265625, 0.734375, 0.697265625, 0.73046875, 0.697265625, 0.8203125],