{"model_dir": "laconeu_['contextdm1', 'contextdm2']_32", "trials": [0, 32000, 64000, 96000, 128000, 160000, 192000, 224000, 256000, 288000, 320000, 352000, 384000, 416000, 448000, 480000, 512000, 544000, 576000, 608000, 640000, 672000, 704000, 736000, 768000, 800000, 832000, 864000, 896000, 928000, 960000, 992000, 1024000, 1056000, 1088000, 1120000, 1152000, 1184000, 1216000, 1248000, 1280000, 1312000, 1344000, 1376000, 1408000, 1440000, 1472000, 1504000, 1536000, 1568000, 1600000, 1632000, 1664000, 1696000, 1728000, 1760000, 1792000, 1824000, 1856000, 1888000, 1920000, 1952000, 1984000, 2016000, 2048000, 2080000, 2112000, 2144000, 2176000, 2208000, 2240000, 2272000, 2304000, 2336000, 2368000, 2400000, 2432000, 2464000, 2496000, 2528000, 2560000, 2592000, 2624000, 2656000, 2688000, 2720000, 2752000, 2784000, 2816000, 2848000], "times": [0.972381591796875, 35.9958074092865, 72.65156245231628, 109.32260322570801, 146.8632550239563, 183.43908381462097, 218.0660924911499, 252.87034583091736, 288.4919855594635, 322.9764130115509, 358.92652320861816, 393.07707810401917, 427.3564531803131, 462.899875164032, 499.72766971588135, 535.7472996711731, 572.0687544345856, 608.3249232769012, 644.5238659381866, 680.8540155887604, 717.8961019515991, 755.2065150737762, 789.7927713394165, 826.056893825531, 861.7317180633545, 896.3541910648346, 928.3346881866455, 960.3516328334808, 992.8150081634521, 1023.5675852298737, 1058.5749201774597, 1093.2770075798035, 1126.9352259635925, 1161.1604008674622, 1196.516657590866, 1229.0204105377197, 1261.425146818161, 1293.7288167476654, 1325.1863193511963, 1355.458941936493, 1384.5760583877563, 1413.6833968162537, 1443.6652150154114, 1474.4934074878693, 1506.423065662384, 1537.2935593128204, 1568.5072326660156, 1600.1191895008087, 1630.5933017730713, 1662.2610762119293, 1692.6972930431366, 1723.8892023563385, 1755.2891190052032, 1785.951821088791, 1817.177696943283, 1847.0588719844818, 1876.8973014354706, 1908.766159772873, 1939.8204696178436, 1970.3466074466705, 2000.439427614212, 2031.119261264801, 2062.5660026073456, 2096.5425894260406, 2129.275013923645, 2161.542198896408, 2194.015883207321, 2226.1500585079193, 2258.9300570487976, 2291.721695661545, 2324.2821016311646, 2356.8032529354095, 2389.911043405533, 2421.634546279907, 2454.8582656383514, 2488.138654947281, 2520.928788661957, 2554.6941866874695, 2587.89915060997, 2620.848952770233, 2653.6621277332306, 2686.8229818344116, 2720.213652610779, 2754.19016957283, 2786.8805537223816, 2819.965653181076, 2852.315891981125, 2883.6635394096375, 2915.66956615448, 2947.8945236206055], "cost_contextdm1": [1.2577058002352715, 0.251671614125371, 0.23548017628490925, 0.21458401065319777, 0.21482419408857822, 0.19097539968788624, 0.22374829277396202, 0.19364757975563407, 0.18829004419967532, 0.18943369016051292, 0.15860017435625196, 0.19142863573506474, 0.18870163848623633, 0.17192814499139786, 0.16915334295481443, 0.15808675112202764, 0.2094695344567299, 0.1645386447198689, 0.1806940445676446, 0.14246756210923195, 0.17389022512361407, 0.15710019739344716, 0.18728786148130894, 0.16843004524707794, 0.1679529449902475, 0.17212902568280697, 0.1804887903854251, 0.15274824667721987, 0.16228562174364924, 0.1584835178218782, 0.16290268301963806, 0.18354870984330773, 0.14831482619047165, 0.16139768529683352, 0.1481248359195888, 0.16000685235485435, 0.17261962359771132, 0.16231859708204865, 0.16661339020356536, 0.15000451914966106, 0.18546717707067728, 0.16022634133696556, 0.1564424536190927, 0.1604414419271052, 0.16287966817617416, 0.15027224319055676, 0.17340606078505516, 0.15458740573376417, 0.19320746371522546, 0.1776688238605857, 0.16231896122917533, 0.1802566684782505, 0.18621742213144898, 0.1812003101222217, 0.13168905954807997, 0.1567482240498066, 0.16946692764759064, 0.1931929625570774, 0.15858590975403786, 0.17234084801748395, 0.1368201421573758, 0.1424586665816605, 0.15976140974089503, 0.16715748002752662, 0.1721608149819076, 0.14559109508991241, 0.14422523556277156, 0.1565064606256783, 0.1599819208495319, 0.16185709554702044, 0.15323049807921052, 0.13324359618127346, 0.12932672468014061, 0.13111676624976099, 0.14928309665992856, 0.11198872653767467, 0.0994647741317749, 0.10380637808702886, 0.08267245697788894, 0.09582215640693903, 0.0864188582636416, 0.08520018216222525, 0.0745687810704112, 0.08923605899326503, 0.07474824762903154, 0.06396190053783357, 0.06215470109600574, 0.07075563271064311, 0.07145071774721146, 0.05302850378211588], "creg_contextdm1": [0.0, 0.0, 0.0, 0.0, 0.0, 0.0, 0.0, 0.0, 0.0, 0.0, 0.0, 0.0, 0.0, 0.0, 0.0, 0.0, 0.0, 0.0, 0.0, 0.0, 0.0, 0.0, 0.0, 0.0, 0.0, 0.0, 0.0, 0.0, 0.0, 0.0, 0.0, 0.0, 0.0, 0.0, 0.0, 0.0, 0.0, 0.0, 0.0, 0.0, 0.0, 0.0, 0.0, 0.0, 0.0, 0.0, 0.0, 0.0, 0.0, 0.0, 0.0, 0.0, 0.0, 0.0, 0.0, 0.0, 0.0, 0.0, 0.0, 0.0, 0.0, 0.0, 0.0, 0.0, 0.0, 0.0, 0.0, 0.0, 0.0, 0.0, 0.0, 0.0, 0.0, 0.0, 0.0, 0.0, 0.0, 0.0, 0.0, 0.0, 0.0, 0.0, 0.0, 0.0, 0.0, 0.0, 0.0, 0.0, 0.0, 0.0], "perf_contextdm1": [0.17578125, 0.06640625, 0.1796875, 0.193359375, 0.15234375, 0.162109375, 0.3125, 0.41796875, 0.462890625, 0.50390625, 0.5078125, 0.544921875, 0.537109375, 0.5234375, 0.595703125, 0.548828125, 0.552734375, 0.580078125, 0.552734375, 0.623046875, 0.603515625, 0.595703125, 0.58203125, 0.537109375, 0.58984375, 0.583984375, 0.580078125, 0.62890625, 0.615234375, 0.61328125, 0.6484375, 0.568359375, 0.642578125, 0.6484375, 0.66015625, 0.62109375, 0.60546875, 0.63671875, 0.603515625, 0.62109375, 0.603515625, 0.59375, 0.615234375, 0.59375, 0.634765625, 0.615234375, 0.61328125, 0.626953125, 0.58203125, 0.6171875, 0.630859375, 0.607421875, 0.615234375, 0.57421875, 0.640625, 0.634765625, 0.625, 0.591796875, 0.62109375, 0.619140625, 0.63671875, 0.5859375, 0.607421875, 0.64453125, 0.615234375, 0.63671875, 0.646484375, 0.638671875, 0.62890625, 0.607421875, 0.658203125, 0.66796875, 0.685546875, 0.724609375, 0.69140625, 0.7578125, 0.7890625, 0.755859375, 0.8359375, 0.83203125, 0.841796875, 0.814453125, 0.85546875, 0.8515625, 0.84375, 0.900390625, 0.904296875, 0.876953125, 0.888671875, 0.92578125], "cost_contextdm2": [1.2949522249400616, 0.24068757984787226, 0.22022475395351648, 0.22839671466499567, 0.2040827414020896, 0.2103823870420456, 0.2639510314911604, 0.1499110534787178, 0.16904608439654112, 0.20764375012367964, 0.18866268685087562, 0.1497111963108182, 0.18220639461651444, 0.1636205050162971, 0.17109940061345696, 0.16813434474170208, 0.17151875514537096, 0.16745405597612262, 0.15677731111645699, 0.15881984634324908, 0.17242232523858547, 0.19008854404091835, 0.16552034160122275, 0.15486656222492456, 0.16784643894061446, 0.15912238415330648, 0.18325136555358768, 0.16526486491784453, 0.1724687390960753, 0.16266454616561532, 0.1683724238537252, 0.17625493556261063, 0.14820880442857742, 0.16542474832385778, 0.14615843072533607, 0.18221429688856006, 0.1493883051443845, 0.1787456152960658, 0.13667237712070346, 0.15891541773453355, 0.16810632729902864, 0.14090924663469195, 0.1563815693370998, 0.14705504989251494, 0.14601044729351997, 0.17367999581620097, 0.16590018151327968, 0.15901263477280736, 0.15764388535171747, 0.1282844499219209, 0.13496125349774957, 0.14116666046902537, 0.15429129777476192, 0.14421847416087985, 0.1366044390015304, 0.14408495742827654, 0.14430203242227435, 0.15829526260495186, 0.1359359729103744, 0.1575506068766117, 0.17085359245538712, 0.14733375934883952, 0.1599267995916307, 0.15919816493988037, 0.14328818838112056, 0.15815294487401843, 0.14379351260140538, 0.16714774630963802, 0.12988815596327186, 0.10847658710554242, 0.12420431501232088, 0.09925263468176126, 0.10965504357591271, 0.12275804230012, 0.11857512942515314, 0.10449355095624924, 0.09027622966095805, 0.097094357595779, 0.06519537779968232, 0.09378519817255437, 0.10487962036859244, 0.10628315154463053, 0.08395436184946448, 0.0883814599364996, 0.08349562413059175, 0.07381935231387615, 0.08511866256594658, 0.08167063887231052, 0.06395782227627933, 0.06169711728580296],