{"model_dir": "laconeu_['dmcgo', 'dmcnogo']_32", "trials": [0, 32000, 64000, 96000, 128000, 160000, 192000, 224000, 256000, 288000, 320000, 352000, 384000, 416000, 448000, 480000, 512000, 544000, 576000, 608000, 640000, 672000, 704000, 736000, 768000, 800000, 832000, 864000, 896000, 928000, 960000, 992000, 1024000, 1056000, 1088000, 1120000, 1152000, 1184000, 1216000, 1248000, 1280000, 1312000, 1344000, 1376000, 1408000, 1440000, 1472000, 1504000, 1536000], "times": [0.2719252109527588, 36.55240273475647, 72.75829195976257, 110.1530270576477, 147.89988923072815, 186.32209730148315, 225.63216257095337, 263.8460099697113, 302.3432819843292, 341.54312467575073, 377.92572355270386, 415.6828188896179, 454.4251708984375, 492.15018796920776, 530.286536693573, 567.6980972290039, 606.4599943161011, 644.4312260150909, 683.6553511619568, 723.2602860927582, 761.4775528907776, 799.522189617157, 836.5879015922546, 874.4045631885529, 912.7453289031982, 951.0375442504883, 990.4265720844269, 1027.8085615634918, 1067.5704669952393, 1106.3246958255768, 1143.0712850093842, 1180.8346593379974, 1218.4016213417053, 1256.6744241714478, 1292.814705133438, 1330.020550251007, 1368.1049890518188, 1405.4412384033203, 1441.5002918243408, 1479.385020017624, 1517.5143570899963, 1555.9218339920044, 1594.6615235805511, 1632.3363282680511, 1670.1846516132355, 1707.9141438007355, 1745.085702419281, 1784.7144393920898, 1823.259758234024], "cost_dmcgo": [0.8298315238207579, 0.1952971969731152, 0.1555173029191792, 0.17020139191299677, 0.1582496149931103, 0.13124304777011275, 0.14639449235983193, 0.15719619137234986, 0.15153577830642462, 0.14763024146668613, 0.15710149286314845, 0.1394262150861323, 0.12197030568495393, 0.15385640319436789, 0.12273446843028069, 0.12155422917567194, 0.11552138766273856, 0.18446018057875335, 0.12680154340341687, 0.13271418097428977, 0.1706323316320777, 0.1156123774126172, 0.132423184113577, 0.13959134020842612, 0.13099771086126566, 0.13403852935880423, 0.12669995240867138, 0.12225171807222068, 0.14024956664070487, 0.14085455820895731, 0.16023222543299198, 0.13821832812391222, 0.10377627378329635, 0.1628342615440488, 0.11775467707775533, 0.13446053257212043, 0.1385858845897019, 0.13061850983649492, 0.13046373310498893, 0.1547505659982562, 0.1068915989017114, 0.12364828947465867, 0.12608642247505486, 0.1668568851891905, 0.1486590860877186, 0.12610300397500396, 0.11851494736038148, 0.11224291520193219, 0.0389037019922398], "creg_dmcgo": [0.0, 0.0, 0.0, 0.0, 0.0, 0.0, 0.0, 0.0, 0.0, 0.0, 0.0, 0.0, 0.0, 0.0, 0.0, 0.0, 0.0, 0.0, 0.0, 0.0, 0.0, 0.0, 0.0, 0.0, 0.0, 0.0, 0.0, 0.0, 0.0, 0.0, 0.0, 0.0, 0.0, 0.0, 0.0, 0.0, 0.0, 0.0, 0.0, 0.0, 0.0, 0.0, 0.0, 0.0, 0.0, 0.0, 0.0, 0.0, 0.0], "perf_dmcgo": [0.095703125, 0.517578125, 0.501953125, 0.470703125, 0.521484375, 0.486328125, 0.482421875, 0.46875, 0.51171875, 0.529296875, 0.482421875, 0.53515625, 0.490234375, 0.521484375, 0.51171875, 0.513671875, 0.5078125, 0.505859375, 0.515625, 0.451171875, 0.498046875, 0.490234375, 0.513671875, 0.47265625, 0.498046875, 0.53125, 0.486328125, 0.466796875, 0.501953125, 0.51171875, 0.51171875, 0.474609375, 0.51171875, 0.5234375, 0.509765625, 0.4765625, 0.466796875, 0.568359375, 0.494140625, 0.490234375, 0.51953125, 0.51171875, 0.466796875, 0.5234375, 0.509765625, 0.515625, 0.5546875, 0.701171875, 0.9375], "cost_dmcnogo": [0.9523800369352102, 0.20617578784003854, 0.16634415509179235, 0.1733014085330069, 0.14484914392232895, 0.1520183642860502, 0.1566569076385349, 0.18096370296552777, 0.1681692621205002, 0.13507049647159874, 0.1445745723322034, 0.16392477438785136, 0.14578164974227548, 0.13889954087790102, 0.1320233615115285, 0.16405881009995937, 0.14479092112742364, 0.13234799960628152, 0.16324663581326604, 0.14354612352326512, 0.14218391734175384, 0.10722335102036595, 0.1512932504992932, 0.13110066344961524, 0.10492223431356251, 0.17605904559604824, 0.13993176561780274, 0.1080662296153605, 0.14188510738313198, 0.12366702768485993, 0.16481780516915023, 0.13239530008286238, 0.1395966794807464, 0.13928565673995763, 0.13170763128437102, 0.1025999387493357, 0.14710404560901225, 0.1302092473488301, 0.16075401520356536, 0.14527287357486784, 0.1235938067547977, 0.12725152587518096, 0.1488653647247702, 0.15024107322096825, 0.12018860504031181, 0.13360884482972324, 0.07353061810135841, 0.07673894625622779, 0.0253065507276915], "creg_dmcnogo": [0.0, 0.0, 0.0, 0.0, 0.0, 0.0, 0.0, 0.0, 0.0, 0.0, 0.0, 0.0, 0.0, 0.0, 0.0, 0.0, 0.0, 0.0, 0.0, 0.0, 0.0, 0.0, 0.0, 0.0, 0.0, 0.0, 0.0, 0.0, 0.0, 0.0, 0.0, 0.0, 0.0, 0.0, 0.0, 0.0, 0.0, 0.0, 0.0, 0.0, 0.0, 0.0, 0.0, 0.0, 0.0, 0.0, 0.0, 0.0, 0.0], "perf_dmcnogo": [0.080078125, 0.494140625, 0.478515625, 0.49609375, 0.4921875, 0.486328125, 0.52734375, 0.515625, 0.5078125, 0.521484375, 0.515625, 0.541015625, 0.484375, 0.544921875, 0.525390625, 0.4921875, 0.494140625, 0.484375, 0.509765625, 0.533203125, 0.466796875, 0.49609375, 0.53125, 0.51171875, 0.509765625, 0.48046875, 0.50390625, 0.50390625, 0.48046875, 0.494140625, 0.517578125, 0.494140625, 0.45703125, 0.498046875, 0.552734375, 0.4765625, 0.4609375, 0.494140625, 0.4921875, 0.498046875, 0.462890625, 0.490234375, 0.50390625, 0.51171875, 0.46484375, 0.546875, 0.814453125, 0.78515625, 1.0], "perf_avg": [0.087890625, 0.505859375, 0.490234375, 0.4833984375, 0.5068359375, 0.486328125, 0.5048828125, 0.4921875, 0.509765625, 0.525390625, 0.4990234375, 0.5380859375, 0.4873046875, 0.533203125, 0.5185546875, 0.5029296875, 0.5009765625, 0.4951171875, 0.5126953125, 0.4921875, 0.482421875, 0.4931640625, 0.5224609375, 0.4921875, 0.50390625, 0.505859375, 0.4951171875, 0.4853515625, 0.4912109375, 0.5029296875, 0.5146484375, 0.484375, 0.484375, 0.5107421875, 0.53125, 0.4765625, 0.4638671875, 0.53125, 0.4931640625, 0.494140625, 0.4912109375, 0.5009765625, 0.4853515625, 0.517578125, 0.4873046875, 0.53125, 0.6845703125, 0.7431640625, 0.96875], "perf_min": [0.080078125, 0.494140625, 0.478515625, 0.470703125, 0.4921875, 0.486328125, 0.482421875, 0.46875, 0.5078125, 0.521484375, 0.482421875, 0.53515625, 0.484375, 0.521484375, 0.51171875, 0.4921875, 0.494140625, 0.484375, 0.509765625, 0.451171875, 0.466796875, 0.490234375, 0.513671875, 0.47265625, 0.498046875, 0.48046875, 0.486328125, 0.466796875, 0.48046875, 0.494140625, 0.51171875, 0.474609375, 0.45703125, 0.498046875, 0.509765625, 0.4765625, 0.4609375, 0.494140625, 0.4921875, 0.490234375, 0.462890625, 0.490234375, 0.466796875, 0.51171875, 0.46484375, 0.515625, 0.5546875, 0.701171875, 0.9375]}